[{"pk": 1, "model": "contenttypes.contenttype", "fields": {"model": "permission", "name": "permission", "app_label": "auth"}}, {"pk": 2, "model": "contenttypes.contenttype", "fields": {"model": "group", "name": "group", "app_label": "auth"}}, {"pk": 3, "model": "contenttypes.contenttype", "fields": {"model": "contenttype", "name": "content type", "app_label": "contenttypes"}}, {"pk": 4, "model": "contenttypes.contenttype", "fields": {"model": "session", "name": "session", "app_label": "sessions"}}, {"pk": 5, "model": "contenttypes.contenttype", "fields": {"model": "site", "name": "site", "app_label": "sites"}}, {"pk": 6, "model": "contenttypes.contenttype", "fields": {"model": "migrationhistory", "name": "migration history", "app_label": "south"}}, {"pk": 7, "model": "contenttypes.contenttype", "fields": {"model": "logentry", "name": "log entry", "app_label": "admin"}}, {"pk": 8, "model": "contenttypes.contenttype", "fields": {"model": "user", "name": "user", "app_label": "users"}}, {"pk": 9, "model": "contenttypes.contenttype", "fields": {"model": "activity", "name": "activity", "app_label": "notifications"}}, {"pk": 10, "model": "contenttypes.contenttype", "fields": {"model": "notification", "name": "notification", "app_label": "notifications"}}, {"pk": 11, "model": "contenttypes.contenttype", "fields": {"model": "tag", "name": "tag", "app_label": "questions"}}, {"pk": 12, "model": "contenttypes.contenttype", "fields": {"model": "question", "name": "question", "app_label": "questions"}}, {"pk": 13, "model": "contenttypes.contenttype", "fields": {"model": "answer", "name": "answer", "app_label": "questions"}}, {"pk": 14, "model": "contenttypes.contenttype", "fields": {"model": "vote", "name": "vote", "app_label": "questions"}}, {"pk": "12r3j52zcmxgi180hpfe83gkh81d84hn", "model": "sessions.session", "fields": {"expire_date": "2014-05-02T11:44:27.577Z", "session_data": "ODM3N2E1NTIzNjQwYWI0ZjMyNTUxMjAyYWQ4MmNlNDk0OWZiOTJkZjqAAn1xAS4="}}, {"pk": "g7wn19kxsx3g7b1zs4ylsqrbzc9yne9j", "model": "sessions.session", "fields": {"expire_date": "2014-05-02T01:45:02.709Z", "session_data": "YjMyMWU4YmZiYzAwMjU5NjAzOTVhZDViZTQ1MDQxMjRhMTgzY2RhZTqAAn1xAShVEl9hdXRoX3VzZXJfYmFja2VuZHECVSlkamFuZ28uY29udHJpYi5hdXRoLmJhY2tlbmRzLk1vZGVsQmFja2VuZHEDVQ1fYXV0aF91c2VyX2lkcQRLBXUu"}}, {"pk": "ggzymkn4xv5qjs1conhlhu0x6ekr6w3w", "model": "sessions.session", "fields": {"expire_date": "2014-05-02T11:19:30.636Z", "session_data": "OGM1NWRmNWY5ZWIwNDBhMjdiNjQxZmRjMTAzNTIyZDI5MGIxMjA5MjqAAn1xAShVEl9hdXRoX3VzZXJfYmFja2VuZHECVSlkamFuZ28uY29udHJpYi5hdXRoLmJhY2tlbmRzLk1vZGVsQmFja2VuZHEDVQ1fYXV0aF91c2VyX2lkcQRLAXUu"}}, {"pk": 1, "model": "sites.site", "fields": {"domain": "example.com", "name": "example.com"}}, {"pk": 1, "model": "south.migrationhistory", "fields": {"applied": "2014-04-17T07:06:16.349Z", "app_name": "users", "migration": "0001_initial"}}, {"pk": 2, "model": "south.migrationhistory", "fields": {"applied": "2014-04-17T07:06:28.919Z", "app_name": "notifications", "migration": "0001_initial"}}, {"pk": 3, "model": "south.migrationhistory", "fields": {"applied": "2014-04-17T07:06:39.441Z", "app_name": "questions", "migration": "0001_initial"}}, {"pk": 4, "model": "south.migrationhistory", "fields": {"applied": "2014-04-18T01:06:33.188Z", "app_name": "questions", "migration": "0002_auto__add_tag"}}, {"pk": 5, "model": "south.migrationhistory", "fields": {"applied": "2014-04-18T01:07:14.701Z", "app_name": "questions", "migration": "0003_initial"}}, {"pk": 3, "model": "questions.tag", "fields": {"count": 1, "name": "python"}}, {"pk": 4, "model": "questions.tag", "fields": {"count": 1, "name": "flask"}}, {"pk": 5, "model": "questions.tag", "fields": {"count": 1, "name": "\u722c\u866b"}}, {"pk": 6, "model": "questions.tag", "fields": {"count": 1, "name": "web"}}, {"pk": 7, "model": "questions.tag", "fields": {"count": 1, "name": "SQL"}}, {"pk": 8, "model": "questions.tag", "fields": {"count": 1, "name": "ROR"}}, {"pk": 9, "model": "questions.tag", "fields": {"count": 1, "name": "Ruby"}}, {"pk": 10, "model": "questions.tag", "fields": {"count": 1, "name": "\u7ebf\u7a0b"}}, {"pk": 1, "model": "auth.permission", "fields": {"codename": "add_permission", "name": "Can add permission", "content_type": 1}}, {"pk": 2, "model": "auth.permission", "fields": {"codename": "change_permission", "name": "Can change permission", "content_type": 1}}, {"pk": 3, "model": "auth.permission", "fields": {"codename": "delete_permission", "name": "Can delete permission", "content_type": 1}}, {"pk": 4, "model": "auth.permission", "fields": {"codename": "add_group", "name": "Can add group", "content_type": 2}}, {"pk": 5, "model": "auth.permission", "fields": {"codename": "change_group", "name": "Can change group", "content_type": 2}}, {"pk": 6, "model": "auth.permission", "fields": {"codename": "delete_group", "name": "Can delete group", "content_type": 2}}, {"pk": 7, "model": "auth.permission", "fields": {"codename": "add_contenttype", "name": "Can add content type", "content_type": 3}}, {"pk": 8, "model": "auth.permission", "fields": {"codename": "change_contenttype", "name": "Can change content type", "content_type": 3}}, {"pk": 9, "model": "auth.permission", "fields": {"codename": "delete_contenttype", "name": "Can delete content type", "content_type": 3}}, {"pk": 10, "model": "auth.permission", "fields": {"codename": "add_session", "name": "Can add session", "content_type": 4}}, {"pk": 11, "model": "auth.permission", "fields": {"codename": "change_session", "name": "Can change session", "content_type": 4}}, {"pk": 12, "model": "auth.permission", "fields": {"codename": "delete_session", "name": "Can delete session", "content_type": 4}}, {"pk": 13, "model": "auth.permission", "fields": {"codename": "add_site", "name": "Can add site", "content_type": 5}}, {"pk": 14, "model": "auth.permission", "fields": {"codename": "change_site", "name": "Can change site", "content_type": 5}}, {"pk": 15, "model": "auth.permission", "fields": {"codename": "delete_site", "name": "Can delete site", "content_type": 5}}, {"pk": 16, "model": "auth.permission", "fields": {"codename": "add_migrationhistory", "name": "Can add migration history", "content_type": 6}}, {"pk": 17, "model": "auth.permission", "fields": {"codename": "change_migrationhistory", "name": "Can change migration history", "content_type": 6}}, {"pk": 18, "model": "auth.permission", "fields": {"codename": "delete_migrationhistory", "name": "Can delete migration history", "content_type": 6}}, {"pk": 19, "model": "auth.permission", "fields": {"codename": "add_logentry", "name": "Can add log entry", "content_type": 7}}, {"pk": 20, "model": "auth.permission", "fields": {"codename": "change_logentry", "name": "Can change log entry", "content_type": 7}}, {"pk": 21, "model": "auth.permission", "fields": {"codename": "delete_logentry", "name": "Can delete log entry", "content_type": 7}}, {"pk": 22, "model": "auth.permission", "fields": {"codename": "add_user", "name": "Can add user", "content_type": 8}}, {"pk": 23, "model": "auth.permission", "fields": {"codename": "change_user", "name": "Can change user", "content_type": 8}}, {"pk": 24, "model": "auth.permission", "fields": {"codename": "delete_user", "name": "Can delete user", "content_type": 8}}, {"pk": 25, "model": "auth.permission", "fields": {"codename": "add_activity", "name": "Can add activity", "content_type": 9}}, {"pk": 26, "model": "auth.permission", "fields": {"codename": "change_activity", "name": "Can change activity", "content_type": 9}}, {"pk": 27, "model": "auth.permission", "fields": {"codename": "delete_activity", "name": "Can delete activity", "content_type": 9}}, {"pk": 28, "model": "auth.permission", "fields": {"codename": "add_notification", "name": "Can add notification", "content_type": 10}}, {"pk": 29, "model": "auth.permission", "fields": {"codename": "change_notification", "name": "Can change notification", "content_type": 10}}, {"pk": 30, "model": "auth.permission", "fields": {"codename": "delete_notification", "name": "Can delete notification", "content_type": 10}}, {"pk": 31, "model": "auth.permission", "fields": {"codename": "add_tag", "name": "Can add tag", "content_type": 11}}, {"pk": 32, "model": "auth.permission", "fields": {"codename": "change_tag", "name": "Can change tag", "content_type": 11}}, {"pk": 33, "model": "auth.permission", "fields": {"codename": "delete_tag", "name": "Can delete tag", "content_type": 11}}, {"pk": 34, "model": "auth.permission", "fields": {"codename": "add_question", "name": "Can add question", "content_type": 12}}, {"pk": 35, "model": "auth.permission", "fields": {"codename": "change_question", "name": "Can change question", "content_type": 12}}, {"pk": 36, "model": "auth.permission", "fields": {"codename": "delete_question", "name": "Can delete question", "content_type": 12}}, {"pk": 37, "model": "auth.permission", "fields": {"codename": "add_answer", "name": "Can add answer", "content_type": 13}}, {"pk": 38, "model": "auth.permission", "fields": {"codename": "change_answer", "name": "Can change answer", "content_type": 13}}, {"pk": 39, "model": "auth.permission", "fields": {"codename": "delete_answer", "name": "Can delete answer", "content_type": 13}}, {"pk": 40, "model": "auth.permission", "fields": {"codename": "add_vote", "name": "Can add vote", "content_type": 14}}, {"pk": 41, "model": "auth.permission", "fields": {"codename": "change_vote", "name": "Can change vote", "content_type": 14}}, {"pk": 42, "model": "auth.permission", "fields": {"codename": "delete_vote", "name": "Can delete vote", "content_type": 14}}, {"pk": 1, "model": "users.user", "fields": {"username": "admin", "following": [], "is_superuser": true, "is_staff": true, "last_login": "2014-04-18T11:19:30.633Z", "groups": [], "user_permissions": [], "password": "pbkdf2_sha256$10000$PCAzlzgTi02V$IzL/i3GnzD6Ch9hhaxfOlh/HG6zSUVUrhhblfvs9jCg=", "email": "admin@q.com"}}, {"pk": 4, "model": "users.user", "fields": {"username": "shen", "following": [], "is_superuser": false, "is_staff": false, "last_login": "2014-04-18T11:44:26.234Z", "groups": [], "user_permissions": [], "password": "pbkdf2_sha256$10000$ECj3ImX23gYg$dh5CPHCSOaPF7UvX+mYJeOeAaYAUd6BjRWtgoZk/Cis=", "email": "sxp1991@qq.com"}}, {"pk": 5, "model": "users.user", "fields": {"username": "test", "following": [], "is_superuser": false, "is_staff": false, "last_login": "2014-04-18T02:11:02.997Z", "groups": [], "user_permissions": [], "password": "pbkdf2_sha256$10000$YYptHfaQCSi6$r6kaJ7yEZ1Vz4fDbAgls23tbYrmcknQTqumgUssIUj0=", "email": "test@design.com"}}, {"pk": 6, "model": "users.user", "fields": {"username": "john", "following": [], "is_superuser": false, "is_staff": false, "last_login": "2014-04-18T02:30:54.585Z", "groups": [], "user_permissions": [], "password": "pbkdf2_sha256$10000$TIQaYQyohhCB$B2dOK01LQ3xKGtAqaLbXFR1mv/4EvOVpCAeAWbAM32E=", "email": "john@w.com"}}, {"pk": 1, "model": "notifications.activity", "fields": {"text": "<a href=\"/user/4/\">shen</a> \u63d0\u51fa\u4e86\u4e00\u4e2a\u95ee\u9898: <a href=\"/question/4/\">why you choose django</a>", "create_date": "2014-04-17T07:10:27.138Z", "user": 4}}, {"pk": 2, "model": "notifications.activity", "fields": {"text": "<a href=\"/user/4/\">shen</a> \u63d0\u51fa\u4e86\u4e00\u4e2a\u95ee\u9898: <a href=\"/question/4/\">maybe what?</a>", "create_date": "2014-04-17T15:07:08.882Z", "user": 4}}, {"pk": 3, "model": "notifications.activity", "fields": {"text": "<a href=\"/user/4/\">shen</a> \u63d0\u51fa\u4e86\u4e00\u4e2a\u95ee\u9898: <a href=\"/question/3/\">aha</a>", "create_date": "2014-04-17T15:11:47.477Z", "user": 4}}, {"pk": 4, "model": "notifications.activity", "fields": {"text": "<a href=\"/user/4/\">shen</a> \u63d0\u51fa\u4e86\u4e00\u4e2a\u95ee\u9898: <a href=\"/question/4/\">hi buddy</a>", "create_date": "2014-04-18T00:36:45.797Z", "user": 4}}, {"pk": 5, "model": "notifications.activity", "fields": {"text": "<a href=\"/user/4/\">shen</a> \u63d0\u51fa\u4e86\u4e00\u4e2a\u95ee\u9898: <a href=\"/question/5/\">why you choose django</a>", "create_date": "2014-04-18T00:37:40.184Z", "user": 4}}, {"pk": 6, "model": "notifications.activity", "fields": {"text": "<a href=\"/user/4/\">shen</a> \u8d5e\u540c <a href=\"/question/1/\">dsf</a>", "create_date": "2014-04-18T00:38:30.279Z", "user": 4}}, {"pk": 7, "model": "notifications.activity", "fields": {"text": "<a href=\"/user/1/\">admin</a> \u63d0\u51fa\u4e86\u4e00\u4e2a\u95ee\u9898: <a href=\"/question/7/\">dsaf</a>", "create_date": "2014-04-18T00:57:08.647Z", "user": 1}}, {"pk": 8, "model": "notifications.activity", "fields": {"text": "<a href=\"/user/1/\">admin</a> \u63d0\u51fa\u4e86\u4e00\u4e2a\u95ee\u9898: <a href=\"/question/9/\">dfsa</a>", "create_date": "2014-04-18T00:59:51.192Z", "user": 1}}, {"pk": 9, "model": "notifications.activity", "fields": {"text": "<a href=\"/user/4/\">shen</a> \u63d0\u51fa\u4e86\u4e00\u4e2a\u95ee\u9898: <a href=\"/question/1/\">Python \u722c\u866b\u5982\u4f55\u5165\u95e8\u5b66\u4e60\uff1f</a>", "create_date": "2014-04-18T01:10:21.600Z", "user": 4}}, {"pk": 10, "model": "notifications.activity", "fields": {"text": "<a href=\"/user/4/\">shen</a> \u63d0\u51fa\u4e86\u4e00\u4e2a\u95ee\u9898: <a href=\"/question/2/\">Python \u722c\u866b\u5982\u4f55\u5165\u95e8\u5b66\u4e60</a>", "create_date": "2014-04-18T01:13:07.966Z", "user": 4}}, {"pk": 11, "model": "notifications.activity", "fields": {"text": "<a href=\"/user/4/\">shen</a> \u63d0\u51fa\u4e86\u4e00\u4e2a\u95ee\u9898: <a href=\"/question/3/\">flask\u7684\u5b66\u4e60\u987a\u5e8f\u600e\u6837\u6bd4\u8f83\u5408\u7406\uff1f</a>", "create_date": "2014-04-18T01:17:03.553Z", "user": 4}}, {"pk": 12, "model": "notifications.activity", "fields": {"text": "<a href=\"/user/4/\">shen</a> \u63d0\u51fa\u4e86\u4e00\u4e2a\u95ee\u9898: <a href=\"/question/4/\">Python \u722c\u866b\u5982\u4f55\u5165\u95e8\u5b66\u4e60</a>", "create_date": "2014-04-18T01:20:51.815Z", "user": 4}}, {"pk": 13, "model": "notifications.activity", "fields": {"text": "<a href=\"/user/4/\">shen</a> \u8d5e\u540c <a href=\"/question/3/\">\u5165\u95e8\uff1a\u5b98\u65b9\u7684\u6587\u6863\u5c31\u7edd\u5bf9\u591f\u4e86\uff0c\u5bf9python\u7684\u7406\u89e3\u4e5f\u5f88\u6709\u63d0\u5347.\r\n\u8fdb\u9636\uff1a\u4ecegithub\u4e0a\u627e\u57fa\u4e8eflask\u7684\u4f18\u79c0\u5f00\u6e90\u9879\u76ee</a>", "create_date": "2014-04-18T01:24:29.023Z", "user": 4}}, {"pk": 14, "model": "notifications.activity", "fields": {"text": "<a href=\"/user/5/\">test</a> \u63d0\u51fa\u4e86\u4e00\u4e2a\u95ee\u9898: <a href=\"/question/5/\">\u6709\u4e00\u70b9 Python \u4e0e SQL \u57fa\u7840\uff0c\u60f3\u5b66\u4e60\u5f00\u53d1\u7f51\u7ad9\uff0c\u4ec0\u4e48\u6846\u67b6\u54ea\u4e2a\u9002\u5408\u6211\u5462\uff1f</a>", "create_date": "2014-04-18T01:30:41.365Z", "user": 5}}, {"pk": 15, "model": "notifications.activity", "fields": {"text": "<a href=\"/user/4/\">shen</a> \u63d0\u51fa\u4e86\u4e00\u4e2a\u95ee\u9898: <a href=\"/question/6/\">\u6709\u4e00\u70b9python\u4e0eSQL\u57fa\u7840\uff0c\u60f3\u5b66\u4e60\u5f00\u53d1\u7f51\u7ad9\uff0c\u4ec0\u4e48\u6846\u67b6\u54ea\u4e2a\u9002\u5408\u6211\u5462\uff1f</a>", "create_date": "2014-04-18T01:45:11.413Z", "user": 4}}, {"pk": 16, "model": "notifications.activity", "fields": {"text": "<a href=\"/user/5/\">test</a> \u56de\u590d\u4e86\u95ee\u9898: <a href=\"/question/6/\">\u6709\u4e00\u70b9python\u4e0eSQL\u57fa\u7840\uff0c\u60f3\u5b66\u4e60\u5f00\u53d1\u7f51\u7ad9\uff0c\u4ec0\u4e48\u6846\u67b6\u54ea\u4e2a\u9002\u5408\u6211\u5462\uff1f</a>", "create_date": "2014-04-18T02:01:56.886Z", "user": 5}}, {"pk": 17, "model": "notifications.activity", "fields": {"text": "<a href=\"/user/4/\">shen</a> \u8d5e\u540c <a href=\"/question/6/\">\u4e00\u4e2a\u4eba\u641e\u5b9a\u6574\u4e2a\u7f51\u7ad9\u5f00\u53d1\u6d41\u7a0b\u9700\u8981\u591a\u4e2a\u65b9\u9762\uff0c\u8bed\u8a00\u6846\u67b6\u53ea\u662f\u5176\u4e2d\u4e4b\u4e00\uff0c\u8fd8\u6709\u7f51\u7edc\u534f\u8bae\uff0c\u670d\u52a1\u5668\u914d\u7f6e\uff0c\u6570\u636e\u5e93\u7b49\u3002 \u9488\u5bf9\u4f60\u63d0\u51fa\u8fd9\u51e0\u70b9\uff1a \u524d\u7aef\u754c\u9762\uff1a html+css+js\uff0c\u5efa\u8bae\u5b66\u4e60w3cschool\u624b\u518c\uff0c\u54cd\u5e94\u5f0f\u7f51\u9875\u8fd8\u9700\u4e86\u89e3html5\uff0ccss3\u7b49 \u6570\u636e\u5e93\u77e5\u8bc6\uff1a\u719f\u6089sql\u8bed\u6cd5\u548c\u5177\u4f53\u7684\u4e00\u4e2a\u6570\u636e\u5e93\uff0c\u5982mysql \u540e\u7aef\u8bed\u8a00\u53ca\u6846\u67b6\u77e5\u8bc6\uff1apython\u548cDjango \u7f51\u7edc\u534f\u8bae\uff1atcp/ip\u534f\u8bae\uff0chttp\u7b49</a>", "create_date": "2014-04-18T02:09:13.351Z", "user": 4}}, {"pk": 18, "model": "notifications.activity", "fields": {"text": "<a href=\"/user/6/\">john</a> \u56de\u590d\u4e86\u95ee\u9898: <a href=\"/question/6/\">\u6709\u4e00\u70b9python\u4e0eSQL\u57fa\u7840\uff0c\u60f3\u5b66\u4e60\u5f00\u53d1\u7f51\u7ad9\uff0c\u4ec0\u4e48\u6846\u67b6\u54ea\u4e2a\u9002\u5408\u6211\u5462\uff1f</a>", "create_date": "2014-04-18T02:31:31.366Z", "user": 6}}, {"pk": 19, "model": "notifications.activity", "fields": {"text": "<a href=\"/user/6/\">john</a> \u8d5e\u540c <a href=\"/question/6/\">\u4e00\u4e2a\u4eba\u641e\u5b9a\u6574\u4e2a\u7f51\u7ad9\u5f00\u53d1\u6d41\u7a0b\u9700\u8981\u591a\u4e2a\u65b9\u9762\uff0c\u8bed\u8a00\u6846\u67b6\u53ea\u662f\u5176\u4e2d\u4e4b\u4e00\uff0c\u8fd8\u6709\u7f51\u7edc\u534f\u8bae\uff0c\u670d\u52a1\u5668\u914d\u7f6e\uff0c\u6570\u636e\u5e93\u7b49\u3002 \u9488\u5bf9\u4f60\u63d0\u51fa\u8fd9\u51e0\u70b9\uff1a \u524d\u7aef\u754c\u9762\uff1a html+css+js\uff0c\u5efa\u8bae\u5b66\u4e60w3cschool\u624b\u518c\uff0c\u54cd\u5e94\u5f0f\u7f51\u9875\u8fd8\u9700\u4e86\u89e3html5\uff0ccss3\u7b49 \u6570\u636e\u5e93\u77e5\u8bc6\uff1a\u719f\u6089sql\u8bed\u6cd5\u548c\u5177\u4f53\u7684\u4e00\u4e2a\u6570\u636e\u5e93\uff0c\u5982mysql \u540e\u7aef\u8bed\u8a00\u53ca\u6846\u67b6\u77e5\u8bc6\uff1apython\u548cDjango \u7f51\u7edc\u534f\u8bae\uff1atcp/ip\u534f\u8bae\uff0chttp\u7b49</a>", "create_date": "2014-04-18T02:31:34.606Z", "user": 6}}, {"pk": 20, "model": "notifications.activity", "fields": {"text": "<a href=\"/user/4/\">shen</a>\u5173\u6ce8\u4e86<a href=\"/user/1/\">admin</a>", "create_date": "2014-04-18T11:37:01.199Z", "user": 4}}, {"pk": 21, "model": "notifications.activity", "fields": {"text": "<a href=\"/user/4/\">shen</a>\u5173\u6ce8\u4e86<a href=\"/user/1/\">admin</a>", "create_date": "2014-04-18T11:37:15.634Z", "user": 4}}, {"pk": 22, "model": "notifications.activity", "fields": {"text": "<a href=\"/user/4/\">shen</a>\u5173\u6ce8\u4e86<a href=\"/user/1/\">admin</a>", "create_date": "2014-04-18T11:37:18.221Z", "user": 4}}, {"pk": 23, "model": "notifications.activity", "fields": {"text": "<a href=\"/user/4/\">shen</a>\u5173\u6ce8\u4e86<a href=\"/user/1/\">admin</a>", "create_date": "2014-04-18T11:37:19.526Z", "user": 4}}, {"pk": 24, "model": "notifications.activity", "fields": {"text": "<a href=\"/user/4/\">shen</a>\u5173\u6ce8\u4e86<a href=\"/user/1/\">admin</a>", "create_date": "2014-04-18T11:37:20.880Z", "user": 4}}, {"pk": 25, "model": "notifications.activity", "fields": {"text": "<a href=\"/user/4/\">shen</a>\u5173\u6ce8\u4e86<a href=\"/user/1/\">admin</a>", "create_date": "2014-04-18T11:37:22.259Z", "user": 4}}, {"pk": 26, "model": "notifications.activity", "fields": {"text": "<a href=\"/user/4/\">shen</a> \u63d0\u51fa\u4e86\u4e00\u4e2a\u95ee\u9898: <a href=\"/question/7/\">Ruby \u4e2d\u5982\u4f55\u5b9e\u73b0 spawn \u7ebf\u7a0b\uff1f</a>", "create_date": "2014-04-18T11:39:23.951Z", "user": 4}}, {"pk": 1, "model": "notifications.notification", "fields": {"is_read": true, "text": "<a href=\"/user/4/\">shen</a> \u8d5e\u540c <a href=\"/question/1/\">dsf</a>", "create_date": "2014-04-18T00:38:30.290Z", "receiver": 4}}, {"pk": 2, "model": "notifications.notification", "fields": {"is_read": true, "text": "<a href=\"/user/4/\">shen</a> \u8d5e\u540c <a href=\"/question/3/\">\u5165\u95e8\uff1a\u5b98\u65b9\u7684\u6587\u6863\u5c31\u7edd\u5bf9\u591f\u4e86\uff0c\u5bf9python\u7684\u7406\u89e3\u4e5f\u5f88\u6709\u63d0\u5347.\r\n\u8fdb\u9636\uff1a\u4ecegithub\u4e0a\u627e\u57fa\u4e8eflask\u7684\u4f18\u79c0\u5f00\u6e90\u9879\u76ee</a>", "create_date": "2014-04-18T01:24:29.044Z", "receiver": 4}}, {"pk": 3, "model": "notifications.notification", "fields": {"is_read": true, "text": "<a href=\"/user/4/\">shen</a> \u8d5e\u540c <a href=\"/question/3/\">\u5165\u95e8\uff1a\u5b98\u65b9\u7684\u6587\u6863\u5c31\u7edd\u5bf9\u591f\u4e86\uff0c\u5bf9python\u7684\u7406\u89e3\u4e5f\u5f88\u6709\u63d0\u5347.\r\n\u8fdb\u9636\uff1a\u4ecegithub\u4e0a\u627e\u57fa\u4e8eflask\u7684\u4f18\u79c0\u5f00\u6e90\u9879\u76ee</a>", "create_date": "2014-04-18T01:24:29.054Z", "receiver": 5}}, {"pk": 4, "model": "notifications.notification", "fields": {"is_read": true, "text": "<a href=\"/user/5/\">test</a> \u63d0\u51fa\u4e86\u4e00\u4e2a\u95ee\u9898: <a href=\"/question/5/\">\u6709\u4e00\u70b9 Python \u4e0e SQL \u57fa\u7840\uff0c\u60f3\u5b66\u4e60\u5f00\u53d1\u7f51\u7ad9\uff0c\u4ec0\u4e48\u6846\u67b6\u54ea\u4e2a\u9002\u5408\u6211\u5462\uff1f</a>", "create_date": "2014-04-18T01:30:41.374Z", "receiver": 5}}, {"pk": 5, "model": "notifications.notification", "fields": {"is_read": true, "text": "<a href=\"/user/4/\">shen</a> \u63d0\u51fa\u4e86\u4e00\u4e2a\u95ee\u9898: <a href=\"/question/6/\">\u6709\u4e00\u70b9python\u4e0eSQL\u57fa\u7840\uff0c\u60f3\u5b66\u4e60\u5f00\u53d1\u7f51\u7ad9\uff0c\u4ec0\u4e48\u6846\u67b6\u54ea\u4e2a\u9002\u5408\u6211\u5462\uff1f</a>", "create_date": "2014-04-18T01:45:11.421Z", "receiver": 5}}, {"pk": 6, "model": "notifications.notification", "fields": {"is_read": true, "text": "<a href=\"/user/5/\">test</a> \u56de\u590d\u4e86\u95ee\u9898: <a href=\"/question/6/\">\u6709\u4e00\u70b9python\u4e0eSQL\u57fa\u7840\uff0c\u60f3\u5b66\u4e60\u5f00\u53d1\u7f51\u7ad9\uff0c\u4ec0\u4e48\u6846\u67b6\u54ea\u4e2a\u9002\u5408\u6211\u5462\uff1f</a>", "create_date": "2014-04-18T02:01:56.908Z", "receiver": 4}}, {"pk": 7, "model": "notifications.notification", "fields": {"is_read": true, "text": "<a href=\"/user/4/\">shen</a> \u8d5e\u540c <a href=\"/question/6/\">\u4e00\u4e2a\u4eba\u641e\u5b9a\u6574\u4e2a\u7f51\u7ad9\u5f00\u53d1\u6d41\u7a0b\u9700\u8981\u591a\u4e2a\u65b9\u9762\uff0c\u8bed\u8a00\u6846\u67b6\u53ea\u662f\u5176\u4e2d\u4e4b\u4e00\uff0c\u8fd8\u6709\u7f51\u7edc\u534f\u8bae\uff0c\u670d\u52a1\u5668\u914d\u7f6e\uff0c\u6570\u636e\u5e93\u7b49\u3002 \u9488\u5bf9\u4f60\u63d0\u51fa\u8fd9\u51e0\u70b9\uff1a \u524d\u7aef\u754c\u9762\uff1a html+css+js\uff0c\u5efa\u8bae\u5b66\u4e60w3cschool\u624b\u518c\uff0c\u54cd\u5e94\u5f0f\u7f51\u9875\u8fd8\u9700\u4e86\u89e3html5\uff0ccss3\u7b49 \u6570\u636e\u5e93\u77e5\u8bc6\uff1a\u719f\u6089sql\u8bed\u6cd5\u548c\u5177\u4f53\u7684\u4e00\u4e2a\u6570\u636e\u5e93\uff0c\u5982mysql \u540e\u7aef\u8bed\u8a00\u53ca\u6846\u67b6\u77e5\u8bc6\uff1apython\u548cDjango \u7f51\u7edc\u534f\u8bae\uff1atcp/ip\u534f\u8bae\uff0chttp\u7b49</a>", "create_date": "2014-04-18T02:09:13.395Z", "receiver": 4}}, {"pk": 8, "model": "notifications.notification", "fields": {"is_read": true, "text": "<a href=\"/user/4/\">shen</a> \u8d5e\u540c <a href=\"/question/6/\">\u4e00\u4e2a\u4eba\u641e\u5b9a\u6574\u4e2a\u7f51\u7ad9\u5f00\u53d1\u6d41\u7a0b\u9700\u8981\u591a\u4e2a\u65b9\u9762\uff0c\u8bed\u8a00\u6846\u67b6\u53ea\u662f\u5176\u4e2d\u4e4b\u4e00\uff0c\u8fd8\u6709\u7f51\u7edc\u534f\u8bae\uff0c\u670d\u52a1\u5668\u914d\u7f6e\uff0c\u6570\u636e\u5e93\u7b49\u3002 \u9488\u5bf9\u4f60\u63d0\u51fa\u8fd9\u51e0\u70b9\uff1a \u524d\u7aef\u754c\u9762\uff1a html+css+js\uff0c\u5efa\u8bae\u5b66\u4e60w3cschool\u624b\u518c\uff0c\u54cd\u5e94\u5f0f\u7f51\u9875\u8fd8\u9700\u4e86\u89e3html5\uff0ccss3\u7b49 \u6570\u636e\u5e93\u77e5\u8bc6\uff1a\u719f\u6089sql\u8bed\u6cd5\u548c\u5177\u4f53\u7684\u4e00\u4e2a\u6570\u636e\u5e93\uff0c\u5982mysql \u540e\u7aef\u8bed\u8a00\u53ca\u6846\u67b6\u77e5\u8bc6\uff1apython\u548cDjango \u7f51\u7edc\u534f\u8bae\uff1atcp/ip\u534f\u8bae\uff0chttp\u7b49</a>", "create_date": "2014-04-18T02:09:13.401Z", "receiver": 5}}, {"pk": 9, "model": "notifications.notification", "fields": {"is_read": true, "text": "<a href=\"/user/6/\">john</a> \u56de\u590d\u4e86\u95ee\u9898: <a href=\"/question/6/\">\u6709\u4e00\u70b9python\u4e0eSQL\u57fa\u7840\uff0c\u60f3\u5b66\u4e60\u5f00\u53d1\u7f51\u7ad9\uff0c\u4ec0\u4e48\u6846\u67b6\u54ea\u4e2a\u9002\u5408\u6211\u5462\uff1f</a>", "create_date": "2014-04-18T02:31:31.387Z", "receiver": 4}}, {"pk": 10, "model": "notifications.notification", "fields": {"is_read": true, "text": "<a href=\"/user/6/\">john</a> \u8d5e\u540c <a href=\"/question/6/\">\u4e00\u4e2a\u4eba\u641e\u5b9a\u6574\u4e2a\u7f51\u7ad9\u5f00\u53d1\u6d41\u7a0b\u9700\u8981\u591a\u4e2a\u65b9\u9762\uff0c\u8bed\u8a00\u6846\u67b6\u53ea\u662f\u5176\u4e2d\u4e4b\u4e00\uff0c\u8fd8\u6709\u7f51\u7edc\u534f\u8bae\uff0c\u670d\u52a1\u5668\u914d\u7f6e\uff0c\u6570\u636e\u5e93\u7b49\u3002 \u9488\u5bf9\u4f60\u63d0\u51fa\u8fd9\u51e0\u70b9\uff1a \u524d\u7aef\u754c\u9762\uff1a html+css+js\uff0c\u5efa\u8bae\u5b66\u4e60w3cschool\u624b\u518c\uff0c\u54cd\u5e94\u5f0f\u7f51\u9875\u8fd8\u9700\u4e86\u89e3html5\uff0ccss3\u7b49 \u6570\u636e\u5e93\u77e5\u8bc6\uff1a\u719f\u6089sql\u8bed\u6cd5\u548c\u5177\u4f53\u7684\u4e00\u4e2a\u6570\u636e\u5e93\uff0c\u5982mysql \u540e\u7aef\u8bed\u8a00\u53ca\u6846\u67b6\u77e5\u8bc6\uff1apython\u548cDjango \u7f51\u7edc\u534f\u8bae\uff1atcp/ip\u534f\u8bae\uff0chttp\u7b49</a>", "create_date": "2014-04-18T02:31:34.616Z", "receiver": 4}}, {"pk": 11, "model": "notifications.notification", "fields": {"is_read": false, "text": "<a href=\"/user/6/\">john</a> \u8d5e\u540c <a href=\"/question/6/\">\u4e00\u4e2a\u4eba\u641e\u5b9a\u6574\u4e2a\u7f51\u7ad9\u5f00\u53d1\u6d41\u7a0b\u9700\u8981\u591a\u4e2a\u65b9\u9762\uff0c\u8bed\u8a00\u6846\u67b6\u53ea\u662f\u5176\u4e2d\u4e4b\u4e00\uff0c\u8fd8\u6709\u7f51\u7edc\u534f\u8bae\uff0c\u670d\u52a1\u5668\u914d\u7f6e\uff0c\u6570\u636e\u5e93\u7b49\u3002 \u9488\u5bf9\u4f60\u63d0\u51fa\u8fd9\u51e0\u70b9\uff1a \u524d\u7aef\u754c\u9762\uff1a html+css+js\uff0c\u5efa\u8bae\u5b66\u4e60w3cschool\u624b\u518c\uff0c\u54cd\u5e94\u5f0f\u7f51\u9875\u8fd8\u9700\u4e86\u89e3html5\uff0ccss3\u7b49 \u6570\u636e\u5e93\u77e5\u8bc6\uff1a\u719f\u6089sql\u8bed\u6cd5\u548c\u5177\u4f53\u7684\u4e00\u4e2a\u6570\u636e\u5e93\uff0c\u5982mysql \u540e\u7aef\u8bed\u8a00\u53ca\u6846\u67b6\u77e5\u8bc6\uff1apython\u548cDjango \u7f51\u7edc\u534f\u8bae\uff1atcp/ip\u534f\u8bae\uff0chttp\u7b49</a>", "create_date": "2014-04-18T02:31:34.621Z", "receiver": 5}}, {"pk": 12, "model": "notifications.notification", "fields": {"is_read": false, "text": "<a href=\"/user/4/\">shen</a>\u5173\u6ce8\u4e86<a href=\"/user/1/\">admin</a>", "create_date": "2014-04-18T11:37:01.282Z", "receiver": 1}}, {"pk": 1, "model": "admin.logentry", "fields": {"action_flag": 1, "action_time": "2014-04-17T07:07:47.638Z", "object_repr": "shen", "object_id": "2", "change_message": "", "user": 1, "content_type": 8}}, {"pk": 2, "model": "admin.logentry", "fields": {"action_flag": 1, "action_time": "2014-04-17T07:08:02.337Z", "object_repr": "test", "object_id": "3", "change_message": "", "user": 1, "content_type": 8}}, {"pk": 3, "model": "admin.logentry", "fields": {"action_flag": 3, "action_time": "2014-04-17T07:09:23.256Z", "object_repr": "test", "object_id": "3", "change_message": "", "user": 1, "content_type": 8}}, {"pk": 4, "model": "admin.logentry", "fields": {"action_flag": 3, "action_time": "2014-04-17T07:09:29.149Z", "object_repr": "shen", "object_id": "2", "change_message": "", "user": 1, "content_type": 8}}, {"pk": 3, "model": "questions.question", "fields": {"asker": 4, "create_date": "2014-04-18T01:17:03.501Z", "description": "\u6211\u53ea\u4e86\u89e3\u57fa\u672c\u7684<a class=\"question-description-tag\" href=\"/?tag=python\">python</a>\u8bed\u6cd5\uff0c\u770b\u4e86\u57fa\u7840\u7684web\u7f16\u7a0b\u90e8\u5206\uff0c\u611f\u89c9\u6536\u83b7\u4e0d\u5927\u3002\u5927\u5bb6\u6307\u70b9\u4e00\u4e0b<a class=\"question-description-tag\" href=\"/?tag=flask\">flask</a>\u7684\u5b66\u4e60\u6b65\u9aa4\u5427", "tags": [3, 4], "title": "flask\u7684\u5b66\u4e60\u987a\u5e8f\u600e\u6837\u6bd4\u8f83\u5408\u7406\uff1f"}}, {"pk": 4, "model": "questions.question", "fields": {"asker": 4, "create_date": "2014-04-18T01:20:51.783Z", "description": "\u6700\u8fd1\u9700\u8981\u7528\u5230<a class=\"question-description-tag\" href=\"/?tag=python\">python</a><a class=\"question-description-tag\" href=\"/?tag=\u722c\u866b\">\u722c\u866b</a>\uff0c\u5927\u5bb6\u53ef\u4ee5\u6307\u5bfc\u4e00\u4e0b\u5b66\u4e60\u6b65\u9aa4\u5417\uff1f", "tags": [3, 5], "title": "Python \u722c\u866b\u5982\u4f55\u5165\u95e8\u5b66\u4e60"}}, {"pk": 6, "model": "questions.question", "fields": {"asker": 4, "create_date": "2014-04-18T01:45:11.394Z", "description": "\u6211\u60f3\u7528<a class=\"question-description-tag\" href=\"/?tag=python\">python</a>\u4ee5\u53ca<a class=\"question-description-tag\" href=\"/?tag=SQL\">SQL</a>\u7684\u77e5\u8bc6,\u5feb\u901f\u5f00\u53d1\u51fa\u4e00\u4e2a\u54cd\u5e94\u5f0f\u7684<a class=\"question-description-tag\" href=\"/?tag=web\">web</a>\u5e94\u7528\uff0c\u8bf7\u6709\u7ecf\u9a8c\u7684\u670b\u53cb\u5e2e\u5fd9\u6307\u70b9\u4e00\u4e0b\u3002@<a href=\"/user/5/\">test</a> ", "tags": [3, 6, 7], "title": "\u6709\u4e00\u70b9python\u4e0eSQL\u57fa\u7840\uff0c\u60f3\u5b66\u4e60\u5f00\u53d1\u7f51\u7ad9\uff0c\u4ec0\u4e48\u6846\u67b6\u54ea\u4e2a\u9002\u5408\u6211\u5462\uff1f"}}, {"pk": 7, "model": "questions.question", "fields": {"asker": 4, "create_date": "2014-04-18T11:39:23.873Z", "description": "\u600e\u4e48\u5728Ruby\u4e2d\r\n<a class=\"question-description-tag\" href=\"/?tag=ROR\">ROR</a>\r\n<a class=\"question-description-tag\" href=\"/?tag=Ruby\">Ruby</a>\r\n<a class=\"question-description-tag\" href=\"/?tag=\u7ebf\u7a0b\">\u7ebf\u7a0b</a>", "tags": [8, 9, 10], "title": "Ruby \u4e2d\u5982\u4f55\u5b9e\u73b0 spawn \u7ebf\u7a0b\uff1f"}}, {"pk": 1, "model": "questions.answer", "fields": {"text": "\u5165\u95e8\uff1a\u5b98\u65b9\u7684\u6587\u6863\u5c31\u7edd\u5bf9\u591f\u4e86\uff0c\u5bf9python\u7684\u7406\u89e3\u4e5f\u5f88\u6709\u63d0\u5347.\r\n\u8fdb\u9636\uff1a\u4ecegithub\u4e0a\u627e\u57fa\u4e8eflask\u7684\u4f18\u79c0\u5f00\u6e90\u9879\u76ee", "create_date": "2014-04-18T01:22:49.821Z", "score": 1, "question": 3, "replyer": 5}}, {"pk": 3, "model": "questions.answer", "fields": {"text": "\u4e00\u4e2a\u4eba\u641e\u5b9a\u6574\u4e2a\u7f51\u7ad9\u5f00\u53d1\u6d41\u7a0b\u9700\u8981\u591a\u4e2a\u65b9\u9762\uff0c\u8bed\u8a00\u6846\u67b6\u53ea\u662f\u5176\u4e2d\u4e4b\u4e00\uff0c\u8fd8\u6709\u7f51\u7edc\u534f\u8bae\uff0c\u670d\u52a1\u5668\u914d\u7f6e\uff0c\u6570\u636e\u5e93\u7b49\u3002 \u9488\u5bf9\u4f60\u63d0\u51fa\u8fd9\u51e0\u70b9\uff1a \u524d\u7aef\u754c\u9762\uff1a html+css+js\uff0c\u5efa\u8bae\u5b66\u4e60w3cschool\u624b\u518c\uff0c\u54cd\u5e94\u5f0f\u7f51\u9875\u8fd8\u9700\u4e86\u89e3html5\uff0ccss3\u7b49 \u6570\u636e\u5e93\u77e5\u8bc6\uff1a\u719f\u6089sql\u8bed\u6cd5\u548c\u5177\u4f53\u7684\u4e00\u4e2a\u6570\u636e\u5e93\uff0c\u5982mysql \u540e\u7aef\u8bed\u8a00\u53ca\u6846\u67b6\u77e5\u8bc6\uff1apython\u548cDjango \u7f51\u7edc\u534f\u8bae\uff1atcp/ip\u534f\u8bae\uff0chttp\u7b49", "create_date": "2014-04-18T02:01:56.869Z", "score": 2, "question": 6, "replyer": 5}}, {"pk": 4, "model": "questions.answer", "fields": {"text": "\u6211\u63a8\u8350\u4f60\u5b66Flask\uff0c\u5b98\u65b9\u624b\u518c\u5199\u7684\u5341\u5206\u8be6\u7ec6\uff0c\u800c\u4e14\u5927\u90e8\u5206\u8d28\u91cf\u8fd8\u4e0d\u9519\uff0c\u5173\u952e\u662f\u5b83\u7b80\u5355\uff0c\u8fd9\u53ef\u4ee5\u6fc0\u53d1\u4f60\u5b66\u4e60\u7684\u4e50\u8da3\u548c\u4fe1\u5fc3\u3002Django\u5927\u800c\u5168\uff0c\u4e5f\u4e0d\u662f\u5f88\u597d\u5165\u95e8\uff0c\u5982\u679c\u4f60\u4e4b\u524d\u6ca1\u6709\u50cfMVC\u8fd9\u4e9b\u8bbe\u8ba1\u6a21\u5f0f\u7684\u611f\u6027\u8ba4\u8bc6\uff0c\u53ef\u80fd\u4e5f\u5f88\u96be\u7406\u89e3\u5b83\u4e3a\u4ec0\u4e48\u628a\u51e0\u5c42\u903b\u8f91\u5206\u79bb\u3002", "create_date": "2014-04-18T02:31:31.349Z", "score": 0, "question": 6, "replyer": 6}}, {"pk": 1, "model": "questions.vote", "fields": {"answer": 1, "voter": 4}}, {"pk": 2, "model": "questions.vote", "fields": {"answer": 3, "voter": 4}}, {"pk": 3, "model": "questions.vote", "fields": {"answer": 3, "voter": 6}}]